INSERT INTO years (Y, objective) VALUES (2025, 'Achieve strategic growth through innovation, feedback, and partnerships');
INSERT INTO months (M, Y, objective) VALUES (1, 2025, 'Set the foundation for a successful year');
INSERT INTO months (M, Y, objective) VALUES (2, 2025, 'Continue building momentum through key initiatives');
INSERT INTO months (M, Y, objective) VALUES (3, 2025, 'Launch new product features and gather feedback from early adopters');
INSERT INTO months (M, Y, objective) VALUES (4, 2025, 'Focus on customer feedback and optimize the user experience');
INSERT INTO months (M, Y, objective) VALUES (5, 2025, 'Plan and execute a mid-year review of product and marketing performance');
INSERT INTO months (M, Y, objective) VALUES (6, 2025, 'Develop new partnerships and expand the product’s reach in new markets');
INSERT INTO months (M, Y, objective) VALUES (7, 2025, 'Evaluate mid-year performance and adjust growth strategies');
INSERT INTO months (M, Y, objective) VALUES (8, 2025, 'Enhance product features based on customer insights and market trends');
INSERT INTO months (M, Y, objective) VALUES (9, 2025, 'Prepare for end-of-year review and strategic planning');
INSERT INTO months (M, Y, objective) VALUES (10, 2025, 'Expand market presence through targeted marketing campaigns');
INSERT INTO months (M, Y, objective) VALUES (11, 2025, 'Develop long-term partnerships for sustained growth');
INSERT INTO months (M, Y, objective) VALUES (12, 2025, 'Conduct annual review and set goals for the upcoming year');
INSERT INTO days (M, Y, dt, diary) VALUES (1, 2025, '2025-01-02', 'Tasks scheduled for this day');
INSERT INTO days (M, Y, dt, diary) VALUES (1, 2025, '2025-01-11', 'Tasks scheduled for this day');
INSERT INTO days (M, Y, dt, diary) VALUES (1, 2025, '2025-01-20', 'Tasks scheduled for this day');
INSERT INTO days (M, Y, dt, diary) VALUES (1, 2025, '2025-01-22', 'Tasks scheduled for this day');
INSERT INTO days (M, Y, dt, diary) VALUES (1, 2025, '2025-01-25', 'Tasks scheduled for this day');
INSERT INTO days (M, Y, dt, diary) VALUES (1, 2025, '2025-01-27', 'Tasks scheduled for this day');
INSERT INTO days (M, Y, dt, diary) VALUES (1, 2025, '2025-01-23', 'Tasks scheduled for this day');
INSERT INTO days (M, Y, dt, diary) VALUES (1, 2025, '2025-01-19', 'Tasks scheduled for this day');
INSERT INTO days (M, Y, dt, diary) VALUES (2, 2025, '2025-02-12', 'Tasks scheduled for this day');
INSERT INTO days (M, Y, dt, diary) VALUES (2, 2025, '2025-02-28', 'Tasks scheduled for this day');
INSERT INTO days (M, Y, dt, diary) VALUES (2, 2025, '2025-02-13', 'Tasks scheduled for this day');
INSERT INTO days (M, Y, dt, diary) VALUES (2, 2025, '2025-02-14', 'Tasks scheduled for this day');
INSERT INTO days (M, Y, dt, diary) VALUES (2, 2025, '2025-02-04', 'Tasks scheduled for this day');
INSERT INTO days (M, Y, dt, diary) VALUES (2, 2025, '2025-02-27', 'Tasks scheduled for this day');
INSERT INTO days (M, Y, dt, diary) VALUES (2, 2025, '2025-02-10', 'Tasks scheduled for this day');
INSERT INTO days (M, Y, dt, diary) VALUES (2, 2025, '2025-02-08', 'Tasks scheduled for this day');
INSERT INTO days (M, Y, dt, diary) VALUES (3, 2025, '2025-03-16', 'Tasks scheduled for this day');
INSERT INTO days (M, Y, dt, diary) VALUES (3, 2025, '2025-03-19', 'Tasks scheduled for this day');
INSERT INTO days (M, Y, dt, diary) VALUES (3, 2025, '2025-03-18', 'Tasks scheduled for this day');
INSERT INTO days (M, Y, dt, diary) VALUES (3, 2025, '2025-03-17', 'Tasks scheduled for this day');
INSERT INTO days (M, Y, dt, diary) VALUES (3, 2025, '2025-03-06', 'Tasks scheduled for this day');
INSERT INTO days (M, Y, dt, diary) VALUES (3, 2025, '2025-03-11', 'Tasks scheduled for this day');
INSERT INTO days (M, Y, dt, diary) VALUES (3, 2025, '2025-03-02', 'Tasks scheduled for this day');
INSERT INTO days (M, Y, dt, diary) VALUES (3, 2025, '2025-03-22', 'Tasks scheduled for this day');
INSERT INTO days (M, Y, dt, diary) VALUES (3, 2025, '2025-03-25', 'Tasks scheduled for this day');
INSERT INTO days (M, Y, dt, diary) VALUES (4, 2025, '2025-04-02', 'Tasks scheduled for this day');
INSERT INTO days (M, Y, dt, diary) VALUES (4, 2025, '2025-04-18', 'Tasks scheduled for this day');
INSERT INTO days (M, Y, dt, diary) VALUES (4, 2025, '2025-04-14', 'Tasks scheduled for this day');
INSERT INTO days (M, Y, dt, diary) VALUES (4, 2025, '2025-04-06', 'Tasks scheduled for this day');
INSERT INTO days (M, Y, dt, diary) VALUES (4, 2025, '2025-04-25', 'Tasks scheduled for this day');
INSERT INTO days (M, Y, dt, diary) VALUES (4, 2025, '2025-04-07', 'Tasks scheduled for this day');
INSERT INTO days (M, Y, dt, diary) VALUES (4, 2025, '2025-04-24', 'Tasks scheduled for this day');
INSERT INTO days (M, Y, dt, diary) VALUES (4, 2025, '2025-04-26', 'Tasks scheduled for this day');
INSERT INTO days (M, Y, dt, diary) VALUES (5, 2025, '2025-05-12', 'Tasks scheduled for this day');
INSERT INTO days (M, Y, dt, diary) VALUES (5, 2025, '2025-05-03', 'Tasks scheduled for this day');
INSERT INTO days (M, Y, dt, diary) VALUES (5, 2025, '2025-05-06', 'Tasks scheduled for this day');
INSERT INTO days (M, Y, dt, diary) VALUES (5, 2025, '2025-05-08', 'Tasks scheduled for this day');
INSERT INTO days (M, Y, dt, diary) VALUES (5, 2025, '2025-05-02', 'Tasks scheduled for this day');
INSERT INTO days (M, Y, dt, diary) VALUES (5, 2025, '2025-05-23', 'Tasks scheduled for this day');
INSERT INTO days (M, Y, dt, diary) VALUES (6, 2025, '2025-06-03', 'Tasks scheduled for this day');
INSERT INTO days (M, Y, dt, diary) VALUES (6, 2025, '2025-06-06', 'Tasks scheduled for this day');
INSERT INTO days (M, Y, dt, diary) VALUES (6, 2025, '2025-06-17', 'Tasks scheduled for this day');
INSERT INTO days (M, Y, dt, diary) VALUES (6, 2025, '2025-06-04', 'Tasks scheduled for this day');
INSERT INTO days (M, Y, dt, diary) VALUES (6, 2025, '2025-06-16', 'Tasks scheduled for this day');
INSERT INTO days (M, Y, dt, diary) VALUES (6, 2025, '2025-06-19', 'Tasks scheduled for this day');
INSERT INTO days (M, Y, dt, diary) VALUES (6, 2025, '2025-06-12', 'Tasks scheduled for this day');
INSERT INTO days (M, Y, dt, diary) VALUES (6, 2025, '2025-06-11', 'Tasks scheduled for this day');
INSERT INTO days (M, Y, dt, diary) VALUES (7, 2025, '2025-07-21', 'Tasks scheduled for this day');
INSERT INTO days (M, Y, dt, diary) VALUES (7, 2025, '2025-07-28', 'Tasks scheduled for this day');
INSERT INTO days (M, Y, dt, diary) VALUES (7, 2025, '2025-07-24', 'Tasks scheduled for this day');
INSERT INTO days (M, Y, dt, diary) VALUES (7, 2025, '2025-07-14', 'Tasks scheduled for this day');
INSERT INTO days (M, Y, dt, diary) VALUES (7, 2025, '2025-07-23', 'Tasks scheduled for this day');
INSERT INTO days (M, Y, dt, diary) VALUES (7, 2025, '2025-07-07', 'Tasks scheduled for this day');
INSERT INTO days (M, Y, dt, diary) VALUES (7, 2025, '2025-07-04', 'Tasks scheduled for this day');
INSERT INTO days (M, Y, dt, diary) VALUES (8, 2025, '2025-08-09', 'Tasks scheduled for this day');
INSERT INTO days (M, Y, dt, diary) VALUES (8, 2025, '2025-08-19', 'Tasks scheduled for this day');
INSERT INTO days (M, Y, dt, diary) VALUES (8, 2025, '2025-08-16', 'Tasks scheduled for this day');
INSERT INTO days (M, Y, dt, diary) VALUES (8, 2025, '2025-08-02', 'Tasks scheduled for this day');
INSERT INTO days (M, Y, dt, diary) VALUES (8, 2025, '2025-08-15', 'Tasks scheduled for this day');
INSERT INTO days (M, Y, dt, diary) VALUES (8, 2025, '2025-08-01', 'Tasks scheduled for this day');
INSERT INTO days (M, Y, dt, diary) VALUES (8, 2025, '2025-08-03', 'Tasks scheduled for this day');
INSERT INTO days (M, Y, dt, diary) VALUES (9, 2025, '2025-09-25', 'Tasks scheduled for this day');
INSERT INTO days (M, Y, dt, diary) VALUES (9, 2025, '2025-09-28', 'Tasks scheduled for this day');
INSERT INTO days (M, Y, dt, diary) VALUES (9, 2025, '2025-09-16', 'Tasks scheduled for this day');
INSERT INTO days (M, Y, dt, diary) VALUES (9, 2025, '2025-09-05', 'Tasks scheduled for this day');
INSERT INTO days (M, Y, dt, diary) VALUES (9, 2025, '2025-09-06', 'Tasks scheduled for this day');
INSERT INTO days (M, Y, dt, diary) VALUES (9, 2025, '2025-09-11', 'Tasks scheduled for this day');
INSERT INTO days (M, Y, dt, diary) VALUES (10, 2025, '2025-10-03', 'Tasks scheduled for this day');
INSERT INTO days (M, Y, dt, diary) VALUES (10, 2025, '2025-10-23', 'Tasks scheduled for this day');
INSERT INTO days (M, Y, dt, diary) VALUES (10, 2025, '2025-10-01', 'Tasks scheduled for this day');
INSERT INTO days (M, Y, dt, diary) VALUES (10, 2025, '2025-10-21', 'Tasks scheduled for this day');
INSERT INTO days (M, Y, dt, diary) VALUES (10, 2025, '2025-10-27', 'Tasks scheduled for this day');
INSERT INTO days (M, Y, dt, diary) VALUES (10, 2025, '2025-10-18', 'Tasks scheduled for this day');
INSERT INTO days (M, Y, dt, diary) VALUES (10, 2025, '2025-10-10', 'Tasks scheduled for this day');
INSERT INTO days (M, Y, dt, diary) VALUES (10, 2025, '2025-10-11', 'Tasks scheduled for this day');
INSERT INTO days (M, Y, dt, diary) VALUES (11, 2025, '2025-11-13', 'Tasks scheduled for this day');
INSERT INTO days (M, Y, dt, diary) VALUES (11, 2025, '2025-11-25', 'Tasks scheduled for this day');
INSERT INTO days (M, Y, dt, diary) VALUES (11, 2025, '2025-11-15', 'Tasks scheduled for this day');
INSERT INTO days (M, Y, dt, diary) VALUES (11, 2025, '2025-11-01', 'Tasks scheduled for this day');
INSERT INTO days (M, Y, dt, diary) VALUES (11, 2025, '2025-11-22', 'Tasks scheduled for this day');
INSERT INTO days (M, Y, dt, diary) VALUES (11, 2025, '2025-11-06', 'Tasks scheduled for this day');
INSERT INTO days (M, Y, dt, diary) VALUES (11, 2025, '2025-11-05', 'Tasks scheduled for this day');
INSERT INTO days (M, Y, dt, diary) VALUES (12, 2025, '2025-12-09', 'Tasks scheduled for this day');
INSERT INTO days (M, Y, dt, diary) VALUES (12, 2025, '2025-12-21', 'Tasks scheduled for this day');
INSERT INTO days (M, Y, dt, diary) VALUES (12, 2025, '2025-12-11', 'Tasks scheduled for this day');
INSERT INTO days (M, Y, dt, diary) VALUES (12, 2025, '2025-12-12', 'Tasks scheduled for this day');
INSERT INTO days (M, Y, dt, diary) VALUES (12, 2025, '2025-12-10', 'Tasks scheduled for this day');
INSERT INTO days (M, Y, dt, diary) VALUES (12, 2025, '2025-12-08', 'Tasks scheduled for this day');
INSERT INTO days (M, Y, dt, diary) VALUES (12, 2025, '2025-12-07', 'Tasks scheduled for this day');
INSERT INTO task (title, dt, start_time, end_time, des, M, Y) VALUES ('UI/UX design', '2025-01-02', '09:00:00', '11:00:00', 'Align on goals and priorities', 1, 2025);
INSERT INTO task (title, dt, start_time, end_time, des, M, Y) VALUES ('Team meeting', '2025-01-11', '09:00:00', '11:00:00', 'Respond to support tickets and track issues', 1, 2025);
INSERT INTO task (title, dt, start_time, end_time, des, M, Y) VALUES ('Feature planning', '2025-01-20', '12:00:00', '14:00:00', 'Improve design usability', 1, 2025);
INSERT INTO task (title, dt, start_time, end_time, des, M, Y) VALUES ('Test deployment', '2025-01-22', '14:00:00', '16:00:00', 'Refine short- and mid-term roadmap', 1, 2025);
INSERT INTO task (title, dt, start_time, end_time, des, M, Y) VALUES ('Roadmap update', '2025-01-25', '08:00:00', '10:00:00', 'Reach out to potential partners', 1, 2025);
INSERT INTO task (title, dt, start_time, end_time, des, M, Y) VALUES ('Data analysis', '2025-01-27', '10:00:00', '12:00:00', 'Analyze product data and trends', 1, 2025);
INSERT INTO task (title, dt, start_time, end_time, des, M, Y) VALUES ('Client presentation', '2025-01-23', '10:00:00', '12:00:00', 'Check server health and load balance', 1, 2025);
INSERT INTO task (title, dt, start_time, end_time, des, M, Y) VALUES ('Partner outreach', '2025-01-23', '11:00:00', '13:00:00', 'Refine short- and mid-term roadmap', 1, 2025);
INSERT INTO task (title, dt, start_time, end_time, des, M, Y) VALUES ('Internal workshop', '2025-01-19', '11:00:00', '13:00:00', 'Research emerging technologies', 1, 2025);
INSERT INTO task (title, dt, start_time, end_time, des, M, Y) VALUES ('Infrastructure check', '2025-02-12', '13:00:00', '15:00:00', 'Gather feedback from user interviews', 2, 2025);
INSERT INTO task (title, dt, start_time, end_time, des, M, Y) VALUES ('Client presentation', '2025-02-28', '09:00:00', '11:00:00', 'Align on goals and priorities', 2, 2025);
INSERT INTO task (title, dt, start_time, end_time, des, M, Y) VALUES ('Bug fixing', '2025-02-13', '14:00:00', '16:00:00', 'Research emerging technologies', 2, 2025);
INSERT INTO task (title, dt, start_time, end_time, des, M, Y) VALUES ('Documentation update', '2025-02-14', '09:00:00', '11:00:00', 'Gather feedback from user interviews', 2, 2025);
INSERT INTO task (title, dt, start_time, end_time, des, M, Y) VALUES ('Customer support session', '2025-02-04', '09:00:00', '11:00:00', 'Align on goals and priorities', 2, 2025);
INSERT INTO task (title, dt, start_time, end_time, des, M, Y) VALUES ('Documentation update', '2025-02-27', '10:00:00', '12:00:00', 'Deploy features to test environment', 2, 2025);
INSERT INTO task (title, dt, start_time, end_time, des, M, Y) VALUES ('Strategy alignment', '2025-02-04', '10:00:00', '12:00:00', 'Check server health and load balance', 2, 2025);
INSERT INTO task (title, dt, start_time, end_time, des, M, Y) VALUES ('KPI review', '2025-02-10', '10:00:00', '12:00:00', 'Deploy features to test environment', 2, 2025);
INSERT INTO task (title, dt, start_time, end_time, des, M, Y) VALUES ('Infrastructure check', '2025-02-08', '08:00:00', '10:00:00', 'Review team code and give feedback', 2, 2025);
INSERT INTO task (title, dt, start_time, end_time, des, M, Y) VALUES ('Tech research', '2025-03-16', '11:00:00', '13:00:00', 'Deploy features to test environment', 3, 2025);
INSERT INTO task (title, dt, start_time, end_time, des, M, Y) VALUES ('Documentation update', '2025-03-19', '08:00:00', '10:00:00', 'Review team code and give feedback', 3, 2025);
INSERT INTO task (title, dt, start_time, end_time, des, M, Y) VALUES ('Partner outreach', '2025-03-18', '15:00:00', '17:00:00', 'Deploy features to test environment', 3, 2025);
INSERT INTO task (title, dt, start_time, end_time, des, M, Y) VALUES ('Data analysis', '2025-03-17', '14:00:00', '16:00:00', 'Respond to support tickets and track issues', 3, 2025);
INSERT INTO task (title, dt, start_time, end_time, des, M, Y) VALUES ('Test deployment', '2025-03-06', '10:00:00', '12:00:00', 'Check server health and load balance', 3, 2025);
INSERT INTO task (title, dt, start_time, end_time, des, M, Y) VALUES ('Customer support session', '2025-03-11', '08:00:00', '10:00:00', 'Check server health and load balance', 3, 2025);
INSERT INTO task (title, dt, start_time, end_time, des, M, Y) VALUES ('Roadmap update', '2025-03-02', '10:00:00', '12:00:00', 'Discuss progress and plan next steps', 3, 2025);
INSERT INTO task (title, dt, start_time, end_time, des, M, Y) VALUES ('Training session', '2025-03-22', '09:00:00', '11:00:00', 'Allocate resources and assign tasks', 3, 2025);
INSERT INTO task (title, dt, start_time, end_time, des, M, Y) VALUES ('Infrastructure check', '2025-03-25', '13:00:00', '15:00:00', 'Gather feedback from user interviews', 3, 2025);
INSERT INTO task (title, dt, start_time, end_time, des, M, Y) VALUES ('Roadmap update', '2025-04-02', '13:00:00', '15:00:00', 'Gather feedback from user interviews', 4, 2025);
INSERT INTO task (title, dt, start_time, end_time, des, M, Y) VALUES ('Internal workshop', '2025-04-18', '12:00:00', '14:00:00', 'Analyze product data and trends', 4, 2025);
INSERT INTO task (title, dt, start_time, end_time, des, M, Y) VALUES ('Partner outreach', '2025-04-14', '14:00:00', '16:00:00', 'Align on goals and priorities', 4, 2025);
INSERT INTO task (title, dt, start_time, end_time, des, M, Y) VALUES ('User feedback session', '2025-04-06', '11:00:00', '13:00:00', 'Present new developments to clients', 4, 2025);
INSERT INTO task (title, dt, start_time, end_time, des, M, Y) VALUES ('Bug fixing', '2025-04-25', '13:00:00', '15:00:00', 'Setup assets and timeline for campaign', 4, 2025);
INSERT INTO task (title, dt, start_time, end_time, des, M, Y) VALUES ('Client presentation', '2025-04-07', '09:00:00', '11:00:00', 'Review team code and give feedback', 4, 2025);
INSERT INTO task (title, dt, start_time, end_time, des, M, Y) VALUES ('Team meeting', '2025-04-24', '08:00:00', '10:00:00', 'Discuss progress and plan next steps', 4, 2025);
INSERT INTO task (title, dt, start_time, end_time, des, M, Y) VALUES ('KPI review', '2025-04-07', '13:00:00', '15:00:00', 'Update internal and external documentation', 4, 2025);
INSERT INTO task (title, dt, start_time, end_time, des, M, Y) VALUES ('Training session', '2025-04-26', '10:00:00', '12:00:00', 'Fix reported issues and perform QA', 4, 2025);
INSERT INTO task (title, dt, start_time, end_time, des, M, Y) VALUES ('Feature planning', '2025-05-12', '10:00:00', '12:00:00', 'Update internal and external documentation', 5, 2025);
INSERT INTO task (title, dt, start_time, end_time, des, M, Y) VALUES ('KPI review', '2025-05-03', '13:00:00', '15:00:00', 'Conduct employee training', 5, 2025);
INSERT INTO task (title, dt, start_time, end_time, des, M, Y) VALUES ('Documentation update', '2025-05-06', '14:00:00', '16:00:00', 'Check server health and load balance', 5, 2025);
INSERT INTO task (title, dt, start_time, end_time, des, M, Y) VALUES ('Marketing campaign setup', '2025-05-12', '13:00:00', '15:00:00', 'Refine short- and mid-term roadmap', 5, 2025);
INSERT INTO task (title, dt, start_time, end_time, des, M, Y) VALUES ('Bug fixing', '2025-05-08', '09:00:00', '11:00:00', 'Research emerging technologies', 5, 2025);
INSERT INTO task (title, dt, start_time, end_time, des, M, Y) VALUES ('Bug fixing', '2025-05-02', '11:00:00', '13:00:00', 'Discuss progress and plan next steps', 5, 2025);
INSERT INTO task (title, dt, start_time, end_time, des, M, Y) VALUES ('Client presentation', '2025-05-02', '08:00:00', '10:00:00', 'Reach out to potential partners', 5, 2025);
INSERT INTO task (title, dt, start_time, end_time, des, M, Y) VALUES ('UI/UX design', '2025-05-23', '14:00:00', '16:00:00', 'Allocate resources and assign tasks', 5, 2025);
INSERT INTO task (title, dt, start_time, end_time, des, M, Y) VALUES ('Documentation update', '2025-06-03', '13:00:00', '15:00:00', 'Update internal and external documentation', 6, 2025);
INSERT INTO task (title, dt, start_time, end_time, des, M, Y) VALUES ('Partner outreach', '2025-06-06', '08:00:00', '10:00:00', 'Interactive session for knowledge sharing', 6, 2025);
INSERT INTO task (title, dt, start_time, end_time, des, M, Y) VALUES ('Strategy alignment', '2025-06-17', '11:00:00', '13:00:00', 'Conduct employee training', 6, 2025);
INSERT INTO task (title, dt, start_time, end_time, des, M, Y) VALUES ('Bug fixing', '2025-06-04', '15:00:00', '17:00:00', 'Interactive session for knowledge sharing', 6, 2025);
INSERT INTO task (title, dt, start_time, end_time, des, M, Y) VALUES ('Feature planning', '2025-06-16', '13:00:00', '15:00:00', 'Gather feedback from user interviews', 6, 2025);
INSERT INTO task (title, dt, start_time, end_time, des, M, Y) VALUES ('Team meeting', '2025-06-19', '12:00:00', '14:00:00', 'Deploy features to test environment', 6, 2025);
INSERT INTO task (title, dt, start_time, end_time, des, M, Y) VALUES ('Infrastructure check', '2025-06-12', '11:00:00', '13:00:00', 'Fix reported issues and perform QA', 6, 2025);
INSERT INTO task (title, dt, start_time, end_time, des, M, Y) VALUES ('Team meeting', '2025-06-11', '12:00:00', '14:00:00', 'Improve design usability', 6, 2025);
INSERT INTO task (title, dt, start_time, end_time, des, M, Y) VALUES ('Infrastructure check', '2025-07-21', '08:00:00', '10:00:00', 'Present new developments to clients', 7, 2025);
INSERT INTO task (title, dt, start_time, end_time, des, M, Y) VALUES ('Team meeting', '2025-07-28', '09:00:00', '11:00:00', 'Interactive session for knowledge sharing', 7, 2025);
INSERT INTO task (title, dt, start_time, end_time, des, M, Y) VALUES ('Roadmap update', '2025-07-24', '11:00:00', '13:00:00', 'Deploy features to test environment', 7, 2025);
INSERT INTO task (title, dt, start_time, end_time, des, M, Y) VALUES ('Documentation update', '2025-07-14', '15:00:00', '17:00:00', 'Review team code and give feedback', 7, 2025);
INSERT INTO task (title, dt, start_time, end_time, des, M, Y) VALUES ('Code review', '2025-07-23', '10:00:00', '12:00:00', 'Fix reported issues and perform QA', 7, 2025);
INSERT INTO task (title, dt, start_time, end_time, des, M, Y) VALUES ('Tech research', '2025-07-07', '09:00:00', '11:00:00', 'Analyze product data and trends', 7, 2025);
INSERT INTO task (title, dt, start_time, end_time, des, M, Y) VALUES ('Team meeting', '2025-07-23', '10:00:00', '12:00:00', 'Reach out to potential partners', 7, 2025);
INSERT INTO task (title, dt, start_time, end_time, des, M, Y) VALUES ('Test deployment', '2025-07-04', '09:00:00', '11:00:00', 'Gather feedback from user interviews', 7, 2025);
INSERT INTO task (title, dt, start_time, end_time, des, M, Y) VALUES ('Test deployment', '2025-08-09', '13:00:00', '15:00:00', 'Discuss progress and plan next steps', 8, 2025);
INSERT INTO task (title, dt, start_time, end_time, des, M, Y) VALUES ('KPI review', '2025-08-19', '14:00:00', '16:00:00', 'Setup assets and timeline for campaign', 8, 2025);
INSERT INTO task (title, dt, start_time, end_time, des, M, Y) VALUES ('Code review', '2025-08-16', '15:00:00', '17:00:00', 'Analyze product data and trends', 8, 2025);
INSERT INTO task (title, dt, start_time, end_time, des, M, Y) VALUES ('Marketing campaign setup', '2025-08-02', '10:00:00', '12:00:00', 'Research emerging technologies', 8, 2025);
INSERT INTO task (title, dt, start_time, end_time, des, M, Y) VALUES ('Bug fixing', '2025-08-15', '13:00:00', '15:00:00', 'Respond to support tickets and track issues', 8, 2025);
INSERT INTO task (title, dt, start_time, end_time, des, M, Y) VALUES ('Internal workshop', '2025-08-01', '13:00:00', '15:00:00', 'Improve design usability', 8, 2025);
INSERT INTO task (title, dt, start_time, end_time, des, M, Y) VALUES ('Internal workshop', '2025-08-03', '09:00:00', '11:00:00', 'Update internal and external documentation', 8, 2025);
INSERT INTO task (title, dt, start_time, end_time, des, M, Y) VALUES ('Client presentation', '2025-08-16', '09:00:00', '11:00:00', 'Fix reported issues and perform QA', 8, 2025);
INSERT INTO task (title, dt, start_time, end_time, des, M, Y) VALUES ('Roadmap update', '2025-09-25', '13:00:00', '15:00:00', 'Reach out to potential partners', 9, 2025);
INSERT INTO task (title, dt, start_time, end_time, des, M, Y) VALUES ('Customer support session', '2025-09-28', '10:00:00', '12:00:00', 'Review team code and give feedback', 9, 2025);
INSERT INTO task (title, dt, start_time, end_time, des, M, Y) VALUES ('Customer support session', '2025-09-16', '15:00:00', '17:00:00', 'Fix reported issues and perform QA', 9, 2025);
INSERT INTO task (title, dt, start_time, end_time, des, M, Y) VALUES ('Tech research', '2025-09-05', '08:00:00', '10:00:00', 'Improve design usability', 9, 2025);
INSERT INTO task (title, dt, start_time, end_time, des, M, Y) VALUES ('Strategy alignment', '2025-09-06', '11:00:00', '13:00:00', 'Analyze product data and trends', 9, 2025);
INSERT INTO task (title, dt, start_time, end_time, des, M, Y) VALUES ('Training session', '2025-09-11', '14:00:00', '16:00:00', 'Interactive session for knowledge sharing', 9, 2025);
INSERT INTO task (title, dt, start_time, end_time, des, M, Y) VALUES ('Infrastructure check', '2025-09-16', '08:00:00', '10:00:00', 'Check server health and load balance', 9, 2025);
INSERT INTO task (title, dt, start_time, end_time, des, M, Y) VALUES ('Marketing campaign setup', '2025-09-11', '12:00:00', '14:00:00', 'Gather feedback from user interviews', 9, 2025);
INSERT INTO task (title, dt, start_time, end_time, des, M, Y) VALUES ('Feature planning', '2025-10-03', '10:00:00', '12:00:00', 'Refine short- and mid-term roadmap', 10, 2025);
INSERT INTO task (title, dt, start_time, end_time, des, M, Y) VALUES ('Marketing campaign setup', '2025-10-23', '12:00:00', '14:00:00', 'Refine short- and mid-term roadmap', 10, 2025);
INSERT INTO task (title, dt, start_time, end_time, des, M, Y) VALUES ('Data analysis', '2025-10-01', '13:00:00', '15:00:00', 'Align on goals and priorities', 10, 2025);
INSERT INTO task (title, dt, start_time, end_time, des, M, Y) VALUES ('User feedback session', '2025-10-21', '13:00:00', '15:00:00', 'Align on goals and priorities', 10, 2025);
INSERT INTO task (title, dt, start_time, end_time, des, M, Y) VALUES ('KPI review', '2025-10-27', '12:00:00', '14:00:00', 'Improve design usability', 10, 2025);
INSERT INTO task (title, dt, start_time, end_time, des, M, Y) VALUES ('Bug fixing', '2025-10-18', '15:00:00', '17:00:00', 'Conduct employee training', 10, 2025);
INSERT INTO task (title, dt, start_time, end_time, des, M, Y) VALUES ('Infrastructure check', '2025-10-10', '15:00:00', '17:00:00', 'Allocate resources and assign tasks', 10, 2025);
INSERT INTO task (title, dt, start_time, end_time, des, M, Y) VALUES ('Partner outreach', '2025-10-11', '14:00:00', '16:00:00', 'Conduct employee training', 10, 2025);
INSERT INTO task (title, dt, start_time, end_time, des, M, Y) VALUES ('Team meeting', '2025-11-13', '14:00:00', '16:00:00', 'Review and update performance indicators', 11, 2025);
INSERT INTO task (title, dt, start_time, end_time, des, M, Y) VALUES ('Tech research', '2025-11-25', '12:00:00', '14:00:00', 'Setup assets and timeline for campaign', 11, 2025);
INSERT INTO task (title, dt, start_time, end_time, des, M, Y) VALUES ('User feedback session', '2025-11-15', '13:00:00', '15:00:00', 'Present new developments to clients', 11, 2025);
INSERT INTO task (title, dt, start_time, end_time, des, M, Y) VALUES ('Marketing campaign setup', '2025-11-01', '15:00:00', '17:00:00', 'Review team code and give feedback', 11, 2025);
INSERT INTO task (title, dt, start_time, end_time, des, M, Y) VALUES ('Client presentation', '2025-11-22', '12:00:00', '14:00:00', 'Align on goals and priorities', 11, 2025);
INSERT INTO task (title, dt, start_time, end_time, des, M, Y) VALUES ('Tech research', '2025-11-06', '09:00:00', '11:00:00', 'Present new developments to clients', 11, 2025);
INSERT INTO task (title, dt, start_time, end_time, des, M, Y) VALUES ('Team meeting', '2025-11-06', '08:00:00', '10:00:00', 'Research emerging technologies', 11, 2025);
INSERT INTO task (title, dt, start_time, end_time, des, M, Y) VALUES ('Infrastructure check', '2025-11-05', '08:00:00', '10:00:00', 'Deploy features to test environment', 11, 2025);
INSERT INTO task (title, dt, start_time, end_time, des, M, Y) VALUES ('Roadmap update', '2025-12-09', '13:00:00', '15:00:00', 'Interactive session for knowledge sharing', 12, 2025);
INSERT INTO task (title, dt, start_time, end_time, des, M, Y) VALUES ('Marketing campaign setup', '2025-12-21', '10:00:00', '12:00:00', 'Discuss progress and plan next steps', 12, 2025);
INSERT INTO task (title, dt, start_time, end_time, des, M, Y) VALUES ('User feedback session', '2025-12-11', '09:00:00', '11:00:00', 'Research emerging technologies', 12, 2025);
INSERT INTO task (title, dt, start_time, end_time, des, M, Y) VALUES ('Marketing campaign setup', '2025-12-12', '11:00:00', '13:00:00', 'Allocate resources and assign tasks', 12, 2025);
INSERT INTO task (title, dt, start_time, end_time, des, M, Y) VALUES ('Bug fixing', '2025-12-11', '08:00:00', '10:00:00', 'Present new developments to clients', 12, 2025);
INSERT INTO task (title, dt, start_time, end_time, des, M, Y) VALUES ('Internal workshop', '2025-12-10', '12:00:00', '14:00:00', 'Gather feedback from user interviews', 12, 2025);
INSERT INTO task (title, dt, start_time, end_time, des, M, Y) VALUES ('Data analysis', '2025-12-08', '08:00:00', '10:00:00', 'Improve design usability', 12, 2025);
INSERT INTO task (title, dt, start_time, end_time, des, M, Y) VALUES ('Test deployment', '2025-12-07', '15:00:00', '17:00:00', 'Review and update performance indicators', 12, 2025);